{
  "sections": [
    {
      "type": "breadcrumbs",
      "enabled": true
    },
    {
      "type": "product-block",
      "enabled": true,
      "size_guide": {
        "image": "",
        "title": ""
      }
    },
    {
      "type": "related-products",
      "title": "Produtos relacionados"
    },
    {
      "type": "recommended-products",
      "title": "Quem comprou este produto, também comprou:"
    },
    {
      "type": "product-description",
      "enabled": true
    },
    {
      "type": "responsive-banner",
      "img": "/img/uploads/arte-02.jpeg"
    },
    {
      "type": "responsive-banner",
      "img": "/img/uploads/adesivos-ludmila-002.png"
    },
    {
      "type": "info-bar",
      "enabled": true
    }
  ]
}